{"cameraMode":{"drawMode":0,"name":"Shaded","section":"Shading Mode"},"sceneLighting":false,"audioPlay":false,"sceneViewState":{"m_AlwaysRefresh":false,"showFog":true,"showSkybox":false,"showFlares":true,"showImageEffects":true,"showParticleSystems":true,"showVisualEffectGraphs":true,"m_FxEnabled":false},"in2DMode":false,"pivot":{"x":215.75379943847657,"y":9.964344024658204,"z":153.84649658203126},"rotation":{"x":-0.19879020750522614,"y":0.06055277958512306,"z":-0.017447946593165399,"w":-0.9771844744682312},"size":13.072978019714356,"orthographic":false}