{"cameraMode":{"drawMode":0,"name":"Shaded","section":"Shading Mode"},"sceneLighting":false,"audioPlay":false,"sceneViewState":{"m_AlwaysRefresh":false,"showFog":true,"showSkybox":false,"showFlares":true,"showImageEffects":true,"showParticleSystems":true,"showVisualEffectGraphs":true,"m_FxEnabled":true},"in2DMode":false,"pivot":{"x":-0.03581890091300011,"y":0.0012157997116446496,"z":-0.004297588486224413},"rotation":{"x":-0.10594950616359711,"y":0.7573714256286621,"z":-0.13302306830883027,"w":-0.6290673017501831},"size":0.025214089080691339,"orthographic":false}