{"cameraMode":{"drawMode":0,"name":"Shaded","section":"Shading Mode"},"sceneLighting":false,"audioPlay":false,"sceneViewState":{"m_AlwaysRefresh":false,"showFog":true,"showSkybox":false,"showFlares":true,"showImageEffects":true,"showParticleSystems":true,"showVisualEffectGraphs":true,"m_FxEnabled":false},"in2DMode":false,"pivot":{"x":114.14485168457031,"y":101.22733306884766,"z":206.12042236328126},"rotation":{"x":0.22723624110221864,"y":-0.6989019513130188,"z":0.2541370093822479,"w":0.6282464861869812},"size":12.990381240844727,"orthographic":false}