{"cameraMode":{"drawMode":0,"name":"Shaded","section":"Shading Mode"},"sceneLighting":false,"audioPlay":false,"sceneViewState":{"m_AlwaysRefresh":false,"showFog":true,"showSkybox":false,"showFlares":true,"showImageEffects":true,"showParticleSystems":true,"showVisualEffectGraphs":true,"m_FxEnabled":false},"in2DMode":false,"pivot":{"x":40.743499755859378,"y":-0.8837735056877136,"z":166.7858123779297},"rotation":{"x":-0.007685941644012928,"y":-0.9992577433586121,"z":0.010470818728208542,"w":-0.0032354744616895916},"size":19.339588165283204,"orthographic":false}