{"cameraMode":{"drawMode":0,"name":"Shaded","section":"Shading Mode"},"sceneLighting":false,"audioPlay":false,"sceneViewState":{"m_AlwaysRefresh":false,"showFog":true,"showSkybox":false,"showFlares":true,"showImageEffects":true,"showParticleSystems":true,"showVisualEffectGraphs":true,"m_FxEnabled":true},"in2DMode":false,"pivot":{"x":19.338415145874025,"y":0.933256983757019,"z":105.52339172363281},"rotation":{"x":0.22646085917949677,"y":-0.21383775770664216,"z":0.05110567808151245,"w":0.9488100409507752},"size":1.4494999647140504,"orthographic":false}