{"cameraMode":{"drawMode":0,"name":"Shaded","section":"Shading Mode"},"sceneLighting":false,"audioPlay":false,"sceneViewState":{"m_AlwaysRefresh":false,"showFog":true,"showSkybox":false,"showFlares":true,"showImageEffects":true,"showParticleSystems":true,"showVisualEffectGraphs":true,"m_FxEnabled":true},"in2DMode":false,"pivot":{"x":15.549764633178711,"y":0.9076067805290222,"z":105.97042083740235},"rotation":{"x":0.19679096341133119,"y":-0.4715549349784851,"z":0.10878009349107743,"w":0.8526104688644409},"size":1.376067042350769,"orthographic":false}