{"cameraMode":{"drawMode":0,"name":"Shaded","section":"Shading Mode"},"sceneLighting":false,"audioPlay":false,"sceneViewState":{"m_AlwaysRefresh":false,"showFog":true,"showSkybox":false,"showFlares":true,"showImageEffects":true,"showParticleSystems":true,"showVisualEffectGraphs":true,"m_FxEnabled":false},"in2DMode":false,"pivot":{"x":52.611568450927737,"y":11.42501163482666,"z":229.61390686035157},"rotation":{"x":0.03733234107494354,"y":-0.01983100362122059,"z":0.007222730200737715,"w":0.9984263181686401},"size":14.851033210754395,"orthographic":false}