{"cameraMode":{"drawMode":0,"name":"Shaded","section":"Shading Mode"},"sceneLighting":false,"audioPlay":false,"sceneViewState":{"m_AlwaysRefresh":false,"showFog":true,"showSkybox":false,"showFlares":true,"showImageEffects":true,"showParticleSystems":true,"showVisualEffectGraphs":true,"m_FxEnabled":false},"in2DMode":false,"pivot":{"x":195.24948120117188,"y":8.846080780029297,"z":580.4239501953125},"rotation":{"x":-0.020997196435928346,"y":-0.0019782264716923239,"z":-0.004696904681622982,"w":-0.9992306232452393},"size":9.224983215332032,"orthographic":false}