{"cameraMode":{"drawMode":0,"name":"Shaded","section":"Shading Mode"},"sceneLighting":false,"audioPlay":false,"sceneViewState":{"m_AlwaysRefresh":false,"showFog":true,"showSkybox":false,"showFlares":true,"showImageEffects":true,"showParticleSystems":true,"showVisualEffectGraphs":true,"m_FxEnabled":false},"in2DMode":false,"pivot":{"x":529.2997436523438,"y":5.152301788330078,"z":543.7835693359375},"rotation":{"x":-0.0008582837181165814,"y":-0.9437805414199829,"z":0.32813772559165957,"w":0.01746673695743084},"size":6.113118648529053,"orthographic":false}