{"cameraMode":{"drawMode":0,"name":"Shaded","section":"Shading Mode"},"sceneLighting":false,"audioPlay":false,"sceneViewState":{"m_AlwaysRefresh":false,"showFog":true,"showSkybox":false,"showFlares":true,"showImageEffects":true,"showParticleSystems":true,"showVisualEffectGraphs":true,"m_FxEnabled":false},"in2DMode":false,"pivot":{"x":-5.7198357582092289,"y":-4.035257339477539,"z":2.953207015991211},"rotation":{"x":-0.011746937409043312,"y":0.9704283475875855,"z":-0.23593176901340486,"w":-0.04773572087287903},"size":15.988908767700196,"orthographic":false}