{"cameraMode":{"drawMode":0,"name":"Shaded","section":"Shading Mode"},"sceneLighting":false,"audioPlay":false,"sceneViewState":{"m_AlwaysRefresh":false,"showFog":false,"showSkybox":false,"showFlares":false,"showImageEffects":false,"showParticleSystems":false,"showVisualEffectGraphs":true,"m_FxEnabled":false},"in2DMode":false,"pivot":{"x":2.703212022781372,"y":-0.18962502479553224,"z":7.816751480102539},"rotation":{"x":-0.007398564834147692,"y":-0.9957976341247559,"z":0.07164938747882843,"w":-0.038731854408979419},"size":8.389628410339356,"orthographic":false}