{"cameraMode":{"drawMode":0,"name":"Shaded","section":"Shading Mode"},"sceneLighting":false,"audioPlay":false,"sceneViewState":{"m_AlwaysRefresh":false,"showFog":false,"showSkybox":false,"showFlares":false,"showImageEffects":false,"showParticleSystems":false,"showVisualEffectGraphs":true,"m_FxEnabled":false},"in2DMode":false,"pivot":{"x":12.226945877075196,"y":7.388011455535889,"z":29.12322235107422},"rotation":{"x":0.017280664294958116,"y":-0.30960655212402346,"z":0.009874521754682064,"w":0.9497621059417725},"size":15.984366416931153,"orthographic":false}